{
    "Empirical mean": 0.6320535792772609,
    "Empirical standard deviation": 0.19548567670250197,
    "Empirical first quartile": 0.535313439065517,
    "Empirical median": 0.6956395054497485,
    "Empirical third quartile": 0.7648960298909583,
    "Bootstrapped empirical mean": 0.631318554388419,
    "Empirical standard error": 0.02533860958139398,
    "Bootstrapped empirical standard error": 0.02660223110798928,
    "95% confidence interval for the mean": "[0.579913206305602, 0.6841939522489199]",
    "95% percentile bootstrap confidence interval for the mean": "[0.5768764677301971, 0.6753290787940779]",
    "95% basic bootstrap confidence interval for the mean": "[0.5887780797604439, 0.6872306908243248]",
    "95% accelerated bootstrap confidence interval for the mean": "[0.57523567 0.67392738]"
}