{
    "Empirical mean": 0.018,
    "Empirical standard deviation": 0.31918608916905833,
    "Empirical first quartile": 0.0,
    "Empirical median": 0.0,
    "Empirical third quartile": 0.0,
    "Bootstrapped empirical mean": 0.018,
    "Empirical standard error": 0.013619985315704271,
    "Bootstrapped empirical standard error": 0.014274435857086475,
    "95% confidence interval for the mean": "[-0.009977894279889491, 0.04597789427988949]",
    "95% percentile bootstrap confidence interval for the mean": "[-0.005549999999999999, 0.044]",
    "95% basic bootstrap confidence interval for the mean": "[-0.008, 0.04155]",
    "95% accelerated bootstrap confidence interval for the mean": "[-0.00522694  0.044     ]"
}