{
    "Empirical mean": 0.10860772723772735,
    "Empirical standard deviation": 0.48856444113031655,
    "Empirical first quartile": -0.11304479167949694,
    "Empirical median": 0.0393603772421682,
    "Empirical third quartile": 0.3107702322993331,
    "Bootstrapped empirical mean": 0.1093457568263957,
    "Empirical standard error": 0.038076512012062025,
    "Bootstrapped empirical standard error": 0.039891119574576875,
    "95% confidence interval for the mean": "[0.030421132871556678, 0.18679432160389803]",
    "95% percentile bootstrap confidence interval for the mean": "[0.04149933455624753, 0.18167917311901155]",
    "95% basic bootstrap confidence interval for the mean": "[0.035536281356443156, 0.17571611991920716]",
    "95% accelerated bootstrap confidence interval for the mean": "[0.0450968 0.1871258]"
}