{
    "Empirical mean": 0.04856190220717756,
    "Empirical standard deviation": 0.2377622999616979,
    "Empirical first quartile": -0.15894940607044722,
    "Empirical median": 0.0804932863991394,
    "Empirical third quartile": 0.24042363838545946,
    "Bootstrapped empirical mean": 0.04858163246493678,
    "Empirical standard error": 0.012207530973088632,
    "Bootstrapped empirical standard error": 0.013727212788603081,
    "95% confidence interval for the mean": "[0.021656565141515517, 0.0754672392728396]",
    "95% percentile bootstrap confidence interval for the mean": "[0.027443258312229647, 0.07416534529380467]",
    "95% basic bootstrap confidence interval for the mean": "[0.022958459120550445, 0.06968054610212547]",
    "95% accelerated bootstrap confidence interval for the mean": "[0.02862651 0.07741916]"
}