{
    "Empirical mean": 0.024,
    "Empirical standard deviation": 0.38434286630267445,
    "Empirical first quartile": 0.0,
    "Empirical median": 0.0,
    "Empirical third quartile": 0.0,
    "Bootstrapped empirical mean": 0.024672,
    "Empirical standard error": 0.016170974491353327,
    "Bootstrapped empirical standard error": 0.017188335514397867,
    "95% confidence interval for the mean": "[-0.009689137608219815, 0.057689137608219816]",
    "95% percentile bootstrap confidence interval for the mean": "[-0.008, 0.054]",
    "95% basic bootstrap confidence interval for the mean": "[-0.005999999999999998, 0.056]",
    "95% accelerated bootstrap confidence interval for the mean": "[-0.01397649  0.05005835]"
}