{
    "Empirical mean": 0.84,
    "Empirical standard deviation": 0.366973212479269,
    "Empirical first quartile": 1.0,
    "Empirical median": 1.0,
    "Empirical third quartile": 1.0,
    "Bootstrapped empirical mean": 0.841,
    "Empirical standard error": 0.016451869194714624,
    "Bootstrapped empirical standard error": 0.016411540980502393,
    "95% confidence interval for the mean": "[0.8078333796782153, 0.8721666203217846]",
    "95% percentile bootstrap confidence interval for the mean": "[0.804, 0.87465]",
    "95% basic bootstrap confidence interval for the mean": "[0.8053499999999999, 0.8759999999999999]",
    "95% accelerated bootstrap confidence interval for the mean": "[0.798      0.86367962]"
}