{
    "Empirical mean": 0.47368421052631576,
    "Empirical standard deviation": 0.49956999978174893,
    "Empirical first quartile": 0.0,
    "Empirical median": 0.0,
    "Empirical third quartile": 1.0,
    "Bootstrapped empirical mean": 0.47481684210526315,
    "Empirical standard error": 0.01666054186998917,
    "Bootstrapped empirical standard error": 0.016208191063778007,
    "95% confidence interval for the mean": "[0.44191615604131085, 0.5054522650113207]",
    "95% percentile bootstrap confidence interval for the mean": "[0.4442105263157895, 0.5063157894736842]",
    "95% basic bootstrap confidence interval for the mean": "[0.44105263157894736, 0.503157894736842]",
    "95% accelerated bootstrap confidence interval for the mean": "[0.44279569 0.50508194]"
}