{
    "Empirical mean": 1.1321257321905378,
    "Empirical standard deviation": 1.7891429917722346,
    "Empirical first quartile": 0.09283502924115257,
    "Empirical median": 0.5361993274477621,
    "Empirical third quartile": 1.3370634932165828,
    "Bootstrapped empirical mean": 1.1359746276577791,
    "Empirical standard error": 0.144575478606165,
    "Bootstrapped empirical standard error": 0.14608291355728323,
    "95% confidence interval for the mean": "[0.8458032216182627, 1.418448242762813]",
    "95% percentile bootstrap confidence interval for the mean": "[0.879995683471554, 1.44685386573891]",
    "95% basic bootstrap confidence interval for the mean": "[0.8173975986421655, 1.3842557809095215]",
    "95% accelerated bootstrap confidence interval for the mean": "[0.90346422 1.52003854]"
}