{
    "Empirical mean": 0.47368421052631576,
    "Empirical standard deviation": 0.49956999978174893,
    "Empirical first quartile": 0.0,
    "Empirical median": 0.0,
    "Empirical third quartile": 1.0,
    "Bootstrapped empirical mean": 0.4728631578947369,
    "Empirical standard error": 0.0154381834075518,
    "Bootstrapped empirical standard error": 0.016208191063778007,
    "95% confidence interval for the mean": "[0.44191615604131085, 0.5054522650113207]",
    "95% percentile bootstrap confidence interval for the mean": "[0.44339473684210523, 0.5031578947368421]",
    "95% basic bootstrap confidence interval for the mean": "[0.4442105263157894, 0.5039736842105262]",
    "95% accelerated bootstrap confidence interval for the mean": "[0.44526185 0.50610208]"
}